,,Workshop and Training Sign up Sheet (October),,,,,,,,,,,,,,,,,,,,,,,,,,,,
Times,,6-Oct,7-Oct,8-Oct,9-Oct,10-Oct,11-Oct,12-Oct,13-Oct,14-Oct,15-Oct,16-Oct,17-Oct,18-Oct,19-Oct,20-Oct,21-Oct,22-Oct,23-Oct,24-Oct,25-Oct,26-Oct,27-Oct,28-Oct,29-Oct,30-Oct,31-Oct,,,
9:00:00 AM,,,,,,,,,,,,,,,,,,,,,,,,,,,,,,
10:00:00 AM,,,,,,,,,,,,,,,,,,,,,,,,,,,,,,
11:00:00 AM,,,,,,,,,,,,,,,,,,,,,,,,,,,,,,
12:00:00 PM,,,,,,,,,,,,,,,,,,,,,,,,,,,,,,
1:00:00 PM,,,,,,,,,,,,,,,,,,,,,,,,,,,,,,
2:00:00 PM,,,,,,,,,,,,,,,,,,,,,,,,,,,,,,
3:00:00 PM,,,,,,,,,,,,,,,,,,,,,,,,,,,,,,
4:00:00 PM,,,,,,,,,,,,,,,,,,,,,,,,,,,,,,
5:00:00 PM,,,,,,,,,,,,,,,,,,,,,,,,,,,,,,
,,,,,,,,,,,,,,,,,,,,,,,,,,,,,,
,,,,,,,,,,,,,,,,,,,,,,,,,,,,,,
KEY,,,,,,,,,,,,,,,,,,,,,,,,,,,,,,
Available:,,,,,,,,,,,,,,,,,,,,,,,,,,,,,,
Booked:,,,,,,,,,,,,,,,,,,,,,,,,,,,,,,
